<?xml version="1.0" encoding="WINDOWS-1252"?>
<!-- Generated by Oracle Reports version 10.1.2.0.2 -->
<RETUR>
  <LIST_G_ORGANIZATION_CODE>
    <G_ORGANIZATION_CODE>
      <ORGANIZATION_CODE>ABP</ORGANIZATION_CODE>
      <SUBINVENTORY_CODE>ABP-FGR-02</SUBINVENTORY_CODE>
      <ORDERED_DATE>08-MAR-16</ORDERED_DATE>
      <ORDER_NUMBER>16101100860</ORDER_NUMBER>
      <ITEM>FGP-CUP-FMXXXX-XXX-001</ITEM>
      <DESCRIPTION>CUP HELICAL 240 ML (3.1 GRAM)</DESCRIPTION>
      <CUST_ID>1425</CUST_ID>
      <HEADER_ID>236728</HEADER_ID>
      <PARTY_NAME>PANFILA INDOSARI, PT</PARTY_NAME>
      <SURAT_JALAN></SURAT_JALAN>
      <PO_CUST>poN16/01/001313</PO_CUST>
      <CITY>BANDUNG, JABAR, ID</CITY>
      <TANGGAL_ANALISA>19-MAR-16</TANGGAL_ANALISA>
      <LOT>BL-2-140216</LOT>
      <JUMLAH_RETURN>9000</JUMLAH_RETURN>
      <TRX_DATE>04-MAR-16</TRX_DATE>
      <STATUS_PRODUK>GILING</STATUS_PRODUK>
      <KRITERIA_RETURN>Eksternal-Customer (D2)</KRITERIA_RETURN>
      <KOMEN>Reject Proses Produksi Customer (Cup oval dan Penyok)</KOMEN>
      <REASON>CUSTOMER</REASON>
    </G_ORGANIZATION_CODE>
    <G_ORGANIZATION_CODE>
      <ORGANIZATION_CODE>ABP</ORGANIZATION_CODE>
      <SUBINVENTORY_CODE>ABP-FGR-02</SUBINVENTORY_CODE>
      <ORDERED_DATE>08-MAR-16</ORDERED_DATE>
      <ORDER_NUMBER>16101100862</ORDER_NUMBER>
      <ITEM>FGP-CUP-FMXXXX-XXX-014</ITEM>
      <DESCRIPTION>CUP WAVE 240 ML (3 GRAM)</DESCRIPTION>
      <CUST_ID>20280</CUST_ID>
      <HEADER_ID>236741</HEADER_ID>
      <PARTY_NAME>INTIMAS, PD</PARTY_NAME>
      <SURAT_JALAN></SURAT_JALAN>
      <PO_CUST>004</PO_CUST>
      <CITY>SUKABUMI, JABAR, ID</CITY>
      <TANGGAL_ANALISA></TANGGAL_ANALISA>
      <LOT></LOT>
      <JUMLAH_RETURN>508160</JUMLAH_RETURN>
      <TRX_DATE>04-MAR-16</TRX_DATE>
      <STATUS_PRODUK></STATUS_PRODUK>
      <KRITERIA_RETURN></KRITERIA_RETURN>
      <KOMEN></KOMEN>
      <REASON>CUSTOMER</REASON>
    </G_ORGANIZATION_CODE>
    <G_ORGANIZATION_CODE>
      <ORGANIZATION_CODE>ABP</ORGANIZATION_CODE>
      <SUBINVENTORY_CODE>ABP-FGR-02</SUBINVENTORY_CODE>
      <ORDERED_DATE>16-MAR-16</ORDERED_DATE>
      <ORDER_NUMBER>16101100964</ORDER_NUMBER>
      <ITEM>FGP-CUP-FMXXXX-XXX-001</ITEM>
      <DESCRIPTION>CUP HELICAL 240 ML (3.1 GRAM)</DESCRIPTION>
      <CUST_ID>1516</CUST_ID>
      <HEADER_ID>239263</HEADER_ID>
      <PARTY_NAME>JAYAMAS DWIPERKASA, PT</PARTY_NAME>
      <SURAT_JALAN></SURAT_JALAN>
      <PO_CUST>0031/PO/II/JDP/2016</PO_CUST>
      <CITY>BANDUNG, JABAR, ID</CITY>
      <TANGGAL_ANALISA>31-MAR-16</TANGGAL_ANALISA>
      <LOT>BL-1-010216</LOT>
      <JUMLAH_RETURN>1500</JUMLAH_RETURN>
      <TRX_DATE>04-MAR-16</TRX_DATE>
      <STATUS_PRODUK>GILING</STATUS_PRODUK>
      <KRITERIA_RETURN>Eksternal-Customer (D2)</KRITERIA_RETURN>
      <KOMEN>Cup Oval dan Penyok</KOMEN>
      <REASON>CUSTOMER</REASON>
    </G_ORGANIZATION_CODE>
  </LIST_G_ORGANIZATION_CODE>
</RETUR>
